X,Y,Z,dx,dy,dz,formation,group,type,ref_fault2,ref_fault1
-436.968,900,1200,-0.93995272,0.341304597,0.000237865,fault1,,fault,nan,nan
-317.236,1250,1000,-0.948721348,0.316113592,1.09534E-05,fault1,,fault,nan,nan
-800,813.074,1150,0.100641569,0.994920218,-0.002243589,fault2,,fault,nan,nan
-700,805.81,950,0.074200077,0.997242899,-0.000974489,fault2,,fault,nan,nan
-900,827.069,1100,0.151765983,0.988416145,0.000781415,fault2,,fault,nan,nan
-450,792.509,1050,-0.012505421,0.999919022,0.002358719,fault2,,fault,nan,nan
-250,800.425,1200,-0.050392351,0.998723795,0.003375121,fault2,,fault,nan,nan
-650,802.853,1200,0.064110548,0.997901932,-0.009031674,fault2,,fault,nan,nan
-1350,906.379,1200,0.1923874,0.981318301,0.001216595,fault2,,fault,nan,nan
-500,793.981,1250,0.03857467,0.99925064,-0.003186416,fault2,,fault,nan,nan
-1150,868.089,1100,0.172571429,0.984994978,-0.001998735,fault2,,fault,nan,nan
-550,793.542,600,0.02142577,0.999750088,0.006379433,fault2,,fault,nan,nan
-1200,877.655,650,0.189465598,0.981887208,0.000546091,fault2,,fault,nan,nan
-1350,906.489,850,0.190830032,0.981623027,0.000364183,fault2,,fault,nan,nan
-650,801.346,550,0.091699915,0.995664352,0.015608434,fault2,,fault,nan,nan
-850,820.647,750,0.125485274,0.991946473,0.017194182,fault2,,fault,nan,nan
-950,834.925,850,0.15654223,0.987670878,-0.000875364,fault2,,fault,nan,nan
-1500,935.826,1300,0.191379422,0.981516112,-0.000198658,fault2,,fault,nan,nan
-150,805.73,950,-0.092476499,0.995714074,-0.001257134,fault2,,fault,nan,nan
-1650,964.679,1000,0.189187423,0.981940913,-0.000403667,fault2,,fault,nan,nan
100,840.31,1150,-0.140778274,0.990041134,0.000174304,fault2,,fault,nan,nan
-900,827.014,1350,0.147883651,0.989004237,-0.001022146,fault2,,fault,nan,nan
-1600,955.078,1150,0.18896283,0.981984231,-0.000134807,fault2,,fault,nan,nan
-250,801.012,700,-0.037095286,0.999289511,0.00666425,fault2,,fault,nan,nan
-745,1026,639.477,-0.120439939,-0.001811487,0.992718963,rock3,,stratigraphic,above,above
-695,1226,646.718,-0.136718427,0.004483378,0.990599804,rock3,,stratigraphic,above,above
-895,1076,632.063,-0.007816005,-0.006795184,0.999946366,rock3,,stratigraphic,above,above
-1145,1026,643.564,0.22213047,0.001887426,0.975015124,rock3,,stratigraphic,above,above
-1295,1276,688.012,0.263906757,-0.024476136,0.964237596,rock3,,stratigraphic,above,above
-1295,1026,687.05,0.273705008,0.010962372,0.961751213,rock3,,stratigraphic,above,above
-1695,1276,753.717,0.055840708,-0.003660652,0.99843298,rock3,,stratigraphic,above,above
73,970,720.634,0.068119551,-1.11E-16,0.997677166,rock3,,stratigraphic,above,below
-7,1170,725.264,0.058977695,0.011044069,0.998198207,rock3,,stratigraphic,above,below
-87,970,731.559,0.066838947,0.001037211,0.997763238,rock3,,stratigraphic,above,below
-167,870,736.845,0.003261236,-0.028921658,0.999576361,rock3,,stratigraphic,above,below
-207,1220,736.325,-0.006670096,0.002862128,0.999973659,rock3,,stratigraphic,above,below
-287,1020,728.477,-0.085242474,-0.005773811,0.996343507,rock3,,stratigraphic,above,below
-995,347,712.788,-0.001820285,-0.002564556,0.999995055,rock3,,stratigraphic,below,above
-1145,197,725.802,0.230051282,0.002177429,0.973176072,rock3,,stratigraphic,below,above
-1195,-103,742.314,0.294745358,-0.000119569,0.955575826,rock3,,stratigraphic,below,above
-1245,697,756.634,0.288444011,0.014069101,0.957393395,rock3,,stratigraphic,below,above
-1345,47,787.807,0.242999752,-0.002489767,0.970023155,rock3,,stratigraphic,below,above
-1395,297,800.468,0.230892884,0.001895416,0.972977329,rock3,,stratigraphic,below,above
-1595,397,824.723,0.09136244,0.011721311,0.995748721,rock3,,stratigraphic,below,above
-1695,747,833.848,0.075766959,-0.001526741,0.997124384,rock3,,stratigraphic,below,above
159,547,762.749,0.065527423,-1.11E-16,0.997850769,rock3,,stratigraphic,below,below
-91,-153,778.342,0.050007805,-0.009060288,0.99870773,rock3,,stratigraphic,below,below
-91,197,778.556,0.063547007,-0.001662038,0.997977462,rock3,,stratigraphic,below,below
-191,397,785.022,-0.013472665,0.000106218,0.999909234,rock3,,stratigraphic,below,below
-241,597,780.602,-0.060861391,0.00067359,0.998146,rock3,,stratigraphic,below,below
-341,147,772.224,-0.087993529,-0.003157585,0.996116042,rock3,,stratigraphic,below,below
-391,647,768.084,-0.083477281,0.000482188,0.996509564,rock3,,stratigraphic,below,below
-745,933,864.518,-0.11863453,0.002113038,0.99293574,rock2,,stratigraphic,above,above
-795,1283,860.128,-0.058908313,-0.029353242,0.997831748,rock2,,stratigraphic,above,above
-1195,1183,883.568,0.268100968,-0.015483723,0.963266383,rock2,,stratigraphic,above,above
-1345,1083,924.433,0.268129059,0.014914556,0.963267545,rock2,,stratigraphic,above,above
-1595,1233,972.705,0.067940311,-0.001649113,0.997688025,rock2,,stratigraphic,above,above
73,1220,942.014,0.059260374,0.009771204,0.998194736,rock2,,stratigraphic,above,below
-7,1020,948.097,0.067607755,0.000436544,0.997711883,rock2,,stratigraphic,above,below
-127,870,956.161,0.043095475,-0.01459786,0.998964305,rock2,,stratigraphic,above,below
-207,1220,958.325,-0.006670096,0.002862128,0.999973659,rock2,,stratigraphic,above,below
-227,1070,956.081,-0.065064261,-0.002946176,0.997876727,rock2,,stratigraphic,above,below
-1345,797,1009.375,0.27598904,0.006501596,0.961138793,rock2,,stratigraphic,below,above
-945,147,937.666,0.002287814,-0.027950511,0.99960669,rock2,,stratigraphic,below,above
-1095,597,937.774,0.140400936,1.11022E-16,0.990094731,rock2,,stratigraphic,below,above
-1195,347,965.705,0.281900231,-0.004529926,0.95943303,rock2,,stratigraphic,below,above
-1495,97,1043.588,0.158187383,-0.004709998,0.987397877,rock2,,stratigraphic,below,above
-1645,847,1055.118,0.073391495,-0.003289206,0.997297784,rock2,,stratigraphic,below,above
-1645,347,1053.897,0.084243866,0.002325014,0.996442455,rock2,,stratigraphic,below,above
159,347,987.749,0.064779645,-0.000452317,0.99789949,rock2,,stratigraphic,below,below
9,697,997.718,0.066653589,-0.001697626,0.997774733,rock2,,stratigraphic,below,below
-141,297,1006.999,0.037134046,-0.00157591,0.999309051,rock2,,stratigraphic,below,below
-341,197,997.436,-0.087140098,-0.001621443,0.996194747,rock2,,stratigraphic,below,below
-91,-103,1003.378,0.062336302,-0.000684819,0.998054967,rock2,,stratigraphic,below,below
-241,497,1005.638,-0.060759533,0.000446479,0.998152333,rock2,,stratigraphic,below,below
-795,1257,1096.689,-0.063144241,-0.011567293,0.997937374,rock1,,stratigraphic,above,above
-645,1007,1116.538,-0.148674741,0.000371796,0.988886082,rock1,,stratigraphic,above,above
-645,1207,1116.284,-0.142465594,0.007802597,0.989769,rock1,,stratigraphic,above,above
-1195,1057,1120.195,0.270055503,0.007037234,0.962819039,rock1,,stratigraphic,above,above
-1345,1157,1160.363,0.265313608,-4.66E-05,0.964162168,rock1,,stratigraphic,above,above
-1595,1257,1209.705,0.068083819,-0.001692238,0.99767817,rock1,,stratigraphic,above,above
109,1191,1174.752,0.058508318,0.00841938,0.998251417,rock1,,stratigraphic,above,below
-31,941,1184.735,0.067997135,9.83946E-05,0.997685512,rock1,,stratigraphic,above,below
-151,1091,1191.078,0.04969196,0.008951579,0.998724476,rock1,,stratigraphic,above,below
-251,1191,1190.329,-0.06670722,-0.003250899,0.997767297,rock1,,stratigraphic,above,below
-895,747,1163.694,-0.004626853,0.000453197,0.999989193,rock1,,stratigraphic,below,above
-945,247,1162.666,-0.000704555,-0.001442426,0.999998712,rock1,,stratigraphic,below,above
-1245,347,1205.607,0.288346547,-0.006472623,0.957504242,rock1,,stratigraphic,below,above
-1245,47,1208.063,0.292874494,0.007285114,0.95612314,rock1,,stratigraphic,below,above
-1295,647,1222.582,0.288240437,0.01249406,0.957476553,rock1,,stratigraphic,below,above
-1445,547,1256.182,0.130546073,-0.000366068,0.991442176,rock1,,stratigraphic,below,above
109,247,1215.885,0.063632854,-0.000915177,0.997972957,rock1,,stratigraphic,below,below
-41,397,1225.843,0.064531372,-0.001427936,0.997914657,rock1,,stratigraphic,below,below
-41,147,1225.332,0.063110833,-0.000643332,0.998006317,rock1,,stratigraphic,below,below
-141,597,1232.569,0.032723663,-0.000538422,0.999464292,rock1,,stratigraphic,below,below
-141,-53,1231.535,0.039046457,-0.00053863,0.999237251,rock1,,stratigraphic,below,below
-291,297,1226.614,-0.085132248,0.001369216,0.99636872,rock1,,stratigraphic,below,below
-391,547,1218.045,-0.083814709,-0.000396553,0.996481278,rock1,,stratigraphic,below,below
