X,Y,Z,formation,group,type,ref_fault2,ref_fault1
-455.333,850,1200,fault1,,fault,nan,nan
-350.527,1150,1250,fault1,,fault,nan,nan
-418.903,950,1000,fault1,,fault,nan,nan
-401.524,1000,1200,fault1,,fault,nan,nan
-333.882,1200,750,fault1,,fault,nan,nan
-350.527,1150,1000,fault1,,fault,nan,nan
-418.845,950,1350,fault1,,fault,nan,nan
-384.473,1050,750,fault1,,fault,nan,nan
-436.968,900,600,fault1,,fault,nan,nan
-350.527,1150,550,fault1,,fault,nan,nan
-650,802.113,950,fault2,,fault,nan,nan
-800,813.139,1050,fault2,,fault,nan,nan
-1000,843.337,1100,fault2,,fault,nan,nan
-1000,843.31,1000,fault2,,fault,nan,nan
-900,827.041,1000,fault2,,fault,nan,nan
-850,818.976,1250,fault2,,fault,nan,nan
-250,800.425,1200,fault2,,fault,nan,nan
-400,793.07,1250,fault2,,fault,nan,nan
-450,791.636,1150,fault2,,fault,nan,nan
-650,802.853,1200,fault2,,fault,nan,nan
-1350,906.379,1200,fault2,,fault,nan,nan
-550,794.993,1050,fault2,,fault,nan,nan
-650,800.807,750,fault2,,fault,nan,nan
-1050,852.023,1250,fault2,,fault,nan,nan
-1150,868.089,1100,fault2,,fault,nan,nan
-550,793.542,600,fault2,,fault,nan,nan
-400,794.813,950,fault2,,fault,nan,nan
-300,798.559,900,fault2,,fault,nan,nan
-500,792.231,850,fault2,,fault,nan,nan
-1300,896.76,900,fault2,,fault,nan,nan
-1200,877.655,650,fault2,,fault,nan,nan
-1350,906.489,850,fault2,,fault,nan,nan
-1000,843.978,550,fault2,,fault,nan,nan
-750,812.261,600,fault2,,fault,nan,nan
-900,828.002,700,fault2,,fault,nan,nan
-800,813.291,800,fault2,,fault,nan,nan
-1100,859.095,850,fault2,,fault,nan,nan
-950,834.925,850,fault2,,fault,nan,nan
100,840.691,750,fault2,,fault,nan,nan
-1300,896.422,1350,fault2,,fault,nan,nan
50,833.268,1000,fault2,,fault,nan,nan
-150,805.73,950,fault2,,fault,nan,nan
-1600,954.952,850,fault2,,fault,nan,nan
0,825.341,1350,fault2,,fault,nan,nan
-1750,983.967,1400,fault2,,fault,nan,nan
-900,827.014,1350,fault2,,fault,nan,nan
-600,801.079,1350,fault2,,fault,nan,nan
-1600,955.078,1100,fault2,,fault,nan,nan
-250,801.012,700,fault2,,fault,nan,nan
-200,802.801,550,fault2,,fault,nan,nan
-545,1076,669.547,rock3,,stratigraphic,above,above
-645,926,654.524,rock3,,stratigraphic,above,above
-695,1226,646.718,rock3,,stratigraphic,above,above
-995,1076,631.232,rock3,,stratigraphic,above,above
-1145,1226,644.511,rock3,,stratigraphic,above,above
-1145,1026,643.564,rock3,,stratigraphic,above,above
-1395,1176,712.195,rock3,,stratigraphic,above,above
-1745,1276,756.406,rock3,,stratigraphic,above,above
93,1220,718.849,rock3,,stratigraphic,above,below 
73,1070,720.634,rock3,,stratigraphic,above,below 
93,920,719.269,rock3,,stratigraphic,above,below 
-27,1170,726.429,rock3,,stratigraphic,above,below 
-107,870,732.818,rock3,,stratigraphic,above,below 
-107,1070,732.27,rock3,,stratigraphic,above,below 
-187,1220,735.16,rock3,,stratigraphic,above,below 
-247,1120,732.753,rock3,,stratigraphic,above,below 
-287,970,728.302,rock3,,stratigraphic,above,below 
-695,647,729.001,rock3,,stratigraphic,below,above
-845,447,713.696,rock3,,stratigraphic,below,above
-795,197,714.208,rock3,,stratigraphic,below,above
-1045,647,713.02,rock3,,stratigraphic,below,above
-1095,197,712.74,rock3,,stratigraphic,below,above
-1145,-3,726.576,rock3,,stratigraphic,below,above
-1195,447,741.757,rock3,,stratigraphic,below,above
-1345,797,784.375,rock3,,stratigraphic,below,above
-1395,297,800.468,rock3,,stratigraphic,below,above
-1395,-53,797.692,rock3,,stratigraphic,below,above
-1595,447,823.566,rock3,,stratigraphic,below,above
-1545,47,826.909,rock3,,stratigraphic,below,above
-1695,747,833.848,rock3,,stratigraphic,below,above
109,-53,765.885,rock3,,stratigraphic,below,below 
59,397,769.316,rock3,,stratigraphic,below,below 
-91,597,779.214,rock3,,stratigraphic,below,below 
-141,747,782.893,rock3,,stratigraphic,below,below 
-91,197,778.556,rock3,,stratigraphic,below,below 
-191,397,785.022,rock3,,stratigraphic,below,below 
-291,47,776.246,rock3,,stratigraphic,below,below 
-391,647,768.084,rock3,,stratigraphic,below,below 
-491,347,759.523,rock3,,stratigraphic,below,below 
-591,47,744.878,rock3,,stratigraphic,below,below 
-595,1233,885.549,rock2,,stratigraphic,above,above
-595,1133,886.905,rock2,,stratigraphic,above,above
-595,983,887.043,rock2,,stratigraphic,above,above
-795,1033,857.841,rock2,,stratigraphic,above,above
-945,1133,857.355,rock2,,stratigraphic,above,above
-995,983,856.207,rock2,,stratigraphic,above,above
-1345,1083,924.433,rock2,,stratigraphic,above,above
-1195,1233,885.222,rock2,,stratigraphic,above,above
-1595,1233,972.705,rock2,,stratigraphic,above,above
-1745,1183,981.406,rock2,,stratigraphic,above,above
133,920,938.538,rock2,,stratigraphic,above,below 
73,1170,942.604,rock2,,stratigraphic,above,below 
-47,1070,950.775,rock2,,stratigraphic,above,below 
-67,920,952.193,rock2,,stratigraphic,above,below 
-187,1170,957.75,rock2,,stratigraphic,above,below 
-267,1020,952.21,rock2,,stratigraphic,above,below 
-1345,197,1011.01,rock2,,stratigraphic,below,above
-695,697,954.005,rock2,,stratigraphic,below,above
-845,547,939.006,rock2,,stratigraphic,below,above
-795,347,939.113,rock2,,stratigraphic,below,above
-895,697,938.718,rock2,,stratigraphic,below,above
-945,147,937.666,rock2,,stratigraphic,below,above
-1045,297,937.715,rock2,,stratigraphic,below,above
-1045,-53,933.56,rock2,,stratigraphic,below,above
-1095,597,937.774,rock2,,stratigraphic,below,above
-1095,97,937.283,rock2,,stratigraphic,below,above
-1195,347,965.705,rock2,,stratigraphic,below,above
-1245,-3,983.147,rock2,,stratigraphic,below,above
-1295,697,996.543,rock2,,stratigraphic,below,above
-1495,297,1041.487,rock2,,stratigraphic,below,above
-1545,547,1041.228,rock2,,stratigraphic,below,above
-1645,847,1055.118,rock2,,stratigraphic,below,above
-1595,-3,1057.802,rock2,,stratigraphic,below,above
-41,-3,1000.327,rock2,,stratigraphic,below,below 
-141,647,1007.677,rock2,,stratigraphic,below,below 
-291,-53,1001.442,rock2,,stratigraphic,below,below 
-291,347,1001.537,rock2,,stratigraphic,below,below 
-391,697,993.021,rock2,,stratigraphic,below,below 
-391,47,992.353,rock2,,stratigraphic,below,below 
-491,397,984.55,rock2,,stratigraphic,below,below 
-641,47,962.391,rock2,,stratigraphic,below,below 
159,347,987.749,rock2,,stratigraphic,below,below 
9,247,997.277,rock2,,stratigraphic,below,below 
-41,597,1000.883,rock2,,stratigraphic,below,below 
-141,297,1006.999,rock2,,stratigraphic,below,below 
-241,497,1005.638,rock2,,stratigraphic,below,below 
-795,957,1094.086,rock1,,stratigraphic,above,above
-895,1057,1093.926,rock1,,stratigraphic,above,above
-545,1057,1131.557,rock1,,stratigraphic,above,above
-645,1007,1116.538,rock1,,stratigraphic,above,above
-645,1207,1116.284,rock1,,stratigraphic,above,above
-995,1207,1094.364,rock1,,stratigraphic,above,above
-1245,1257,1136.054,rock1,,stratigraphic,above,above
-1145,1057,1105.564,rock1,,stratigraphic,above,above
-1345,1157,1160.363,rock1,,stratigraphic,above,above
-1645,1207,1212.605,rock1,,stratigraphic,above,above
-1745,1307,1218.406,rock1,,stratigraphic,above,above
49,991,1179.273,rock1,,stratigraphic,above,below 
49,1191,1178.247,rock1,,stratigraphic,above,below 
-11,841,1183.37,rock1,,stratigraphic,above,below 
-111,1141,1188.157,rock1,,stratigraphic,above,below 
-131,991,1191.093,rock1,,stratigraphic,above,below 
-251,1191,1190.329,rock1,,stratigraphic,above,below 
-311,1041,1183.916,rock1,,stratigraphic,above,below 
-1545,797,1272.659,rock1,,stratigraphic,below,above
-745,697,1171.503,rock1,,stratigraphic,below,above
-695,497,1179.002,rock1,,stratigraphic,below,above
-845,397,1163.483,rock1,,stratigraphic,below,above
-945,647,1163.511,rock1,,stratigraphic,below,above
-945,247,1162.666,rock1,,stratigraphic,below,above
-1095,397,1162.74,rock1,,stratigraphic,below,above
-1095,147,1162.74,rock1,,stratigraphic,below,above
-1095,547,1162.774,rock1,,stratigraphic,below,above
-1095,-53,1162.283,rock1,,stratigraphic,below,above
-1245,347,1205.607,rock1,,stratigraphic,below,above
-1245,747,1205.595,rock1,,stratigraphic,below,above
-1245,97,1207.17,rock1,,stratigraphic,below,above
-1295,647,1222.582,rock1,,stratigraphic,below,above
-1345,447,1237.44,rock1,,stratigraphic,below,above
-1595,347,1274.76,rock1,,stratigraphic,below,above
-1595,547,1271.251,rock1,,stratigraphic,below,above
-1545,-3,1276.798,rock1,,stratigraphic,below,above
-1745,897,1287.577,rock1,,stratigraphic,below,above
-791,47,1165.119,rock1,,stratigraphic,below,above
59,-3,1219.034,rock1,,stratigraphic,below ,below 
-41,397,1225.843,rock1,,stratigraphic,below ,below 
-41,647,1225.966,rock1,,stratigraphic,below ,below 
-41,147,1225.332,rock1,,stratigraphic,below ,below 
-291,497,1226.432,rock1,,stratigraphic,below ,below 
-391,697,1218.021,rock1,,stratigraphic,below ,below 
-291,-53,1226.442,rock1,,stratigraphic,below ,below 
-441,347,1213.73,rock1,,stratigraphic,below ,below 
-541,-53,1202.453,rock1,,stratigraphic,below ,below 
-541,147,1202.276,rock1,,stratigraphic,below ,below 
